preferred_name,other_name_1,other_name_2,other_name_3,other_name_4,other_name_type_1,other_name_type_2,other_name_type_3,other_name_type_4,agent_type
Alison L. Price,Alison,L.,Price,A. L. Price,first name,middle name,last name,aka,person
Alison Price Stodola,Alison,Price,Stodola,A. P. Stodola,first name,middle name,last name,aka,person
Amy E. Stultz,Amy,E.,Stultz,A. E. Stultz,first name,middle name,last name,aka,person
Brittanie L. Dabney,Brittanie,L.,Dabney,B. L. Dabney,first name,middle name,last name,aka,person
Christine A. Mayer,Christine,A.,Mayer,C. A. Mayer,first name,middle name,last name,aka,person
Corrina A. Wendel,Corrina,A.,Wendel,C. A. Wendel,first name,middle name,last name,aka,person
Diane K. Shasteen,Diane,K.,Shasteen,D. K. Shasteen,first name,middle name,last name,aka,person
Don R. Helms,Don,R.,Helms,D. R. Helms,first name,middle name,last name,aka,person
Drew D. Negangard,Drew,D.,Negangard,D. D. Negangard,first name,middle name,last name,aka,person
Jen S. Schwab,Jen,S.,Schwab,J. S. Schwab,first name,middle name,last name,aka,person
John E. Petzing,John,E.,Petzing,J. E. Petzing,first name,middle name,last name,aka,person
Melissa M. Ruether,Melissa,M.,Ruether,M. M. Ruether,first name,middle name,last name,aka,person
Robert E. Szafoni,Robert,E.,Szafoni,R. E. Szafoni,first name,middle name,last name,aka,person
Robert W. Schanzle,Robert,W.,Schanzle,R. W. Schanzle,first name,middle name,last name,aka,person
Samantha M. Jaworski,Samantha,M.,Jaworski,S. M. Jaworski,first name,middle name,last name,aka,person
Sarah A. Bales,Sarah,A.,Bales,S. A. Bales,first name,middle name,last name,aka,person
Steve Pescitelli,Steve,,Pescitelli,S. Pescitelli,first name,middle name,last name,aka,person
A. J. Berger,A.,J.,Berger,,first name,middle name,last name,aka,person
B. Edgin,B.,,Edgin,,first name,middle name,last name,aka,person
B. Lindsay,B.,,Lindsay,,first name,middle name,last name,aka,person
J. E. Schwegman,J.,E.,Schwegman,,first name,middle name,last name,aka,person
M. W. Walker,M.,W.,Walker,,first name,middle name,last name,aka,person
